{"0": 73.23450968103822, "1": 51.61510453211097, "2": 41.349651619387046, "3": 33.61621849722115, "4": 31.501862379265624, "5": 21.682912714092637, "6": 55.85370125805427, "7": 63.697483220269085, "8": 33.748066078814524, "9": 34.41127779202075, "10": 24.408369565782408, "11": 36.936364990216795, "12": 25.82548916085178, "13": 32.177008141563874, "14": 33.61621849722115, "15": 23.91196846969067, "16": 24.673526369382135, "17": 47.39618918092199, "18": 33.82259272917848, "19": 30.935937605620563, "20": 24.674775618910655, "21": 69.3148093468019, "22": 42.323917437494735, "23": 19.948540209786774, "24": 66.22712763119098, "25": 37.779802889684625, "26": 60.820478882040895, "27": 26.488571685317684, "28": 35.839954632130556, "29": 41.58045673856966, "30": 22.098922003973883, "31": 39.160241738746194, "32": 26.407232682169784, "33": 33.602177689878665, "34": 43.81400706874422, "35": 55.85786198499587, "36": 34.953276448953865, "37": 31.234064967672513, "38": 26.452041309494945, "39": 42.04577059182027, "40": 24.34797102178905, "41": 34.52988166943776, "42": 31.351812650317886, "43": 24.46948328900782, "44": 36.37111773079815, "45": 25.47115898260483, "46": 50.74880000749703, "47": 33.536086962247474, "48": 19.252415468112133, "49": 31.10069127288903, "50": 32.4694896632727, "51": 28.237058630039247, "52": 38.13748895519752, "53": 26.919207790978355, "54": 17.957557650422487, "55": 24.292157127665387, "56": 21.248598635643123, "57": 79.42106221300932, "58": 42.9178255614366, "59": 39.507920971952906, "60": 25.39212163062283, "61": 34.70738043569549, "62": 26.127552085883547, "63": 21.37071124903172, "64": 17.290230700317917, "65": 26.32892629094741, "66": 30.818647532567528, "67": 26.199509819271505, "68": 5.667148353987082, "69": 31.139579932686885, "70": 41.157641811212905, "71": 19.02051265664594, "72": 39.31730233905549, "73": 29.91323681992542, "74": 22.281997916065183, "75": 38.22464707788925, "76": 24.984465670224438, "77": 34.10525739512204, "78": 29.43460707612131, "79": 51.29509813104561, "80": 26.88752766859529, "81": 28.074207563476307, "82": 22.275797648690244, "83": 46.25367678199045, "84": 40.39299388290632, "85": 44.35806045220396, "86": 36.619405815091774, "87": 34.837957676981496, "88": 25.947194987102446, "89": 39.70258238263697, "90": 86.5312722489095, "91": 21.226855733563404, "92": 37.871746486018274, "93": 26.05738148366098, "94": 37.80367553005883, "95": 49.37795402228396, "96": 39.254326242679674, "97": 37.494238478763044, "98": 22.73580490990111, "99": 23.61234413327975, "100": 76.56497552418722, "101": 73.29060541394466, "102": 27.8808792650039, "103": 30.56062443081692, "104": 26.720855114856473, "105": 33.29778264834983, "106": 32.20794053751135, "107": 42.54474669059562, "108": 20.987364141166683, "109": 29.04247472753285, "110": 46.45799725384448, "111": 50.24910802779975, "112": 56.985894493054666, "113": 42.9897616194358, "114": 28.188572365049566, "115": 32.20075010940561, "116": 29.60348198893934, "117": 32.979634954033976, "118": 27.97177313932723, "119": 26.373557772247903, "120": 25.119120967261946, "121": 30.138796700512763, "122": 26.27188885727426, "123": 29.51739384543004, "124": 54.4295901102764, "125": 32.60600599556111, "126": 26.700889576493243, "127": 25.896224769669775, "128": 21.55936758067437, "129": 37.075085553473706, "130": 26.83770949308641, "131": 22.081783409876213, "132": 29.180412359227407, "133": 79.75940332589182, "134": 29.98798270773243, "135": 60.44239138049526, "136": 30.41525579686642, "137": 32.40803416916292, "138": 26.512465776760944, "139": 27.90561871610463, "140": 30.054573170920392, "141": 29.78674533312732, "142": 33.54418808867983, "143": 30.64342417868886, "144": 28.269546921637225, "145": 30.641612523043143, "146": 72.52548398097825, "147": 23.09592128968683, "148": 32.818701319223216, "149": 42.55480213024588, "150": 22.504271112952956, "151": 28.21919476611509, "152": 35.45703502616315, "153": 30.021351242615847, "154": 25.305385255468202, "155": 33.38468725537038, "156": 31.675623641272416, "157": 48.484564938781915, "158": 30.960624743557105, "159": 35.572167194432886, "160": 33.7566365026292, "161": 27.472780557715474, "162": 28.48026268878865, "163": 40.69880400883226, "164": 31.102588381763727, "165": 48.24316068151372, "166": 31.94383105767379, "167": 22.967235542808396, "168": 37.27448142791011, "169": 27.609616957831644, "170": 38.4234318754356, "171": 22.605548530437026, "172": 28.24194618336255, "173": 33.63034858155276, "174": 28.90864029877948, "175": 40.23737144812651, "176": 35.30224528535213, "177": 34.27680014580128, "178": 37.095630992141444, "179": 47.03469823989545, "180": 34.13622846386996, "181": 25.85444655457673, "182": 30.99140727167543, "183": 30.531246941586474, "184": 50.698603687843686, "185": 23.89556801476194, "186": 24.49912941062005, "187": 41.996665008344856, "188": 35.598750990735056, "189": 25.281645268364297, "190": 57.29015445203726, "191": 27.034955923906896, "192": 30.370509548628664, "193": 21.133245736053983, "194": 30.940170545978322, "195": 29.120182051638782, "196": 31.93968071319871, "197": 26.47856150570353, "198": 26.989867473714018, "199": 39.61571330724285, "200": 28.52435138728198, "201": 42.5730167101787, "202": 20.063705015171767, "203": 27.058688251517626, "204": 39.008427586809155, "205": 25.74071084418767, "206": 12.347776046123494, "207": 31.929170505469497, "208": 22.879338969325286, "209": 33.020637646489675, "210": 21.78240944614576, "211": 31.012301096998954, "212": 47.12978267880241, "213": 43.57914065382312, "214": 24.541706866624168, "215": 28.758719767922656, "216": 31.429086479025116, "217": 28.70070219397423, "218": 18.314204570970116, "219": 24.610046687641816, "220": 24.106872438047418, "221": 23.440808813954952, "222": 30.895004789644275, "223": 40.700395872178, "224": 43.97151727294554, "225": 28.17918085917589, "226": 29.38915064027755, "227": 19.696628295160465, "228": 47.6547903582895, "229": 32.69380711474127, "230": 25.224248108723685, "231": 24.064218451375424, "232": 19.53811758857318, "233": 26.983156601271077, "234": 23.58458934549157, "235": 42.16746832788538, "236": 29.133425941427408, "237": 21.32004468596055, "238": 24.402259527011225, "239": 30.00136910577821, "240": 23.321232290251498, "241": 29.254032382292042, "242": 22.378611604613432, "243": 27.091090227228854, "244": 28.92219930664345, "245": 22.932347678409474, "246": 48.1029227974777, "247": 41.35484184961674, "248": 18.377046535629397, "249": 25.687417634339095, "250": 20.204044410389187, "251": 29.36515416957518, "252": 18.93014655068049, "253": 21.79767988219098, "254": 24.91500205085049, "255": 30.04852735409338, "256": 24.121173430419102, "257": 47.27780973255342, "258": 24.72234043656887, "259": 26.32052517780134, "260": 30.595835264572415, "261": 32.21477890365297, "262": 22.21511085736747, "263": 21.75260936882423, "264": 36.3633702610143, "265": 28.3726412863235, "266": 29.256402893293004, "267": 23.80201734406939, "268": 31.033528662594357, "269": 20.74789014289293, "270": 25.42426844715353, "271": 35.781910182089476, "272": 24.414576095277326, "273": 25.94498068201212, "274": 27.606779298039157, "275": 21.329899828275476, "276": 28.369634306613463, "277": 14.414852406157195, "278": 24.784297083822686, "279": 9.859750498233359, "280": 31.634739686820147, "281": 33.11181822913611, "282": 23.518275363953215, "283": 27.75210167002912, "284": 24.374085363477302, "285": 38.016990471499945, "286": 28.352279069613903, "287": 30.14145897120341, "288": 23.255021268091536, "289": 26.99682977106101, "290": 60.17550935610796, "291": 28.078774938959484, "292": 21.046390503369746, "293": 26.89551019995551, "294": 40.714418320296055, "295": 20.028143570690595, "296": 22.166420036718126, "297": 24.144713388683755, "298": 31.885652269616955, "299": 22.72181028141483, "300": 21.451318725738233, "301": 10.554463101984535, "302": 15.717873221104734, "303": 23.62359814406017, "304": 21.5409162107154, "305": 38.166128654143435,