{"0": 12.066598293235053, "1": 14.007711111146255, "2": 7.498308676547187, "3": 8.747149891503351, "4": 8.439546567682328, "5": 7.693791176381798, "6": 10.452564135313715, "7": 10.02477719395396, "8": 11.364989245309108, "9": 10.6893925234382, "10": 11.780878812848066, "11": 10.42736040120306, "12": 11.572312205189991, "13": 8.75720368594564, "14": 10.234077635797084, "15": 13.694836302025859, "16": 11.215758475689075, "17": 9.52575592267103, "18": 11.410327681034676, "19": 12.061914266036068, "20": 8.452765548864761, "21": 18.077972184412943, "22": 9.962185608980764, "23": 14.114141248320706, "24": 10.957436707997582, "25": 11.320480876394363, "26": 13.489503316754368, "27": 12.600479536913777, "28": 10.881550221839916, "29": 9.503808377531213, "30": 10.920344310865826, "31": 11.079807175278425, "32": 15.64485925348934, "33": 10.6854033227631, "34": 10.505590513802144, "35": 12.86934293288946, "36": 13.922865146297077, "37": 14.530768063919677, "38": 10.1722763764997, "39": 18.869461426430497, "40": 9.580851693299184, "41": 10.21610203447183, "42": 13.224820483405063, "43": 9.548115798834825, "44": 7.950439202480215, "45": 9.036587460203908, "46": 9.429662533261894, "47": 12.309129829683584, "48": 5.188561089855926, "49": 11.338178361392952, "50": 9.748451754459467, "51": 13.0577041372407, "52": 10.235306307813842, "53": 7.7190154173759495, "54": 12.759884857269048, "55": 10.582487975607094, "56": 12.167757384723114, "57": 10.9675899726598, "58": 12.965734630714447, "59": 10.625187276484796, "60": 10.15130585045496, "61": 14.701170681593515, "62": 8.080656658673995, "63": 9.523372666495328, "64": 13.221821752283438, "65": 13.189026053491533, "66": 7.453256475009778, "67": 8.874586415835541, "68": 7.716192353070573, "69": 12.143851307270044, "70": 10.91038748256533, "71": 9.5721313852951, "72": 10.714643035883016, "73": 9.617142716819243, "74": 10.847630649675976, "75": 11.384395779522983, "76": 11.710941959649407, "77": 11.57473923746629, "78": 16.748377499138048, "79": 19.144544229476914, "80": 8.000913198939156, "81": 11.151364719520839, "82": 14.042816699048569, "83": 12.955719571139829, "84": 11.173366524539857, "85": 9.095932899886684, "86": 11.99800046047231, "87": 11.233116452168748, "88": 10.571393526177289, "89": 11.206587049986174, "90": 19.289214767586245, "91": 10.647041759722878, "92": 11.505500678216835, "93": 10.746426925755964, "94": 9.381422578149857, "95": 16.71695994834923, "96": 6.966683970145726, "97": 12.160716835621772, "98": 13.94796341383485, "99": 14.020185506721317, "100": 11.678860368388678, "101": 11.919034470846784, "102": 9.710037664702627, "103": 12.073209742387315, "104": 10.841551575618823, "105": 10.943285007002736, "106": 9.769270150188342, "107": 15.62969224426133, "108": 9.37552196388797, "109": 12.679956034985018, "110": 12.146228531900253, "111": 8.166507567944745, "112": 13.569250695788979, "113": 12.606302175369873, "114": 10.734481475500044, "115": 10.314004339568735, "116": 7.222033869556999, "117": 10.346078346823061, "118": 9.030769007990457, "119": 9.051444224268414, "120": 9.480704246856991, "121": 10.437070802623104, "122": 9.45519186899504, "123": 9.889576627601516, "124": 10.073974720811005, "125": 12.376866218674513, "126": 9.96375150657934, "127": 10.68288639036564, "128": 9.116774772418522, "129": 10.764847714694316, "130": 10.665706057714175, "131": 8.056657139764727, "132": 13.127912804679472, "133": 13.326481111828555, "134": 7.699143675995866, "135": 9.616973407443338, "136": 7.834659963156917, "137": 8.356653877445677, "138": 7.840940939112347, "139": 9.998336088315943, "140": 8.929613713265391, "141": 9.726581351889214, "142": 9.893090269413724, "143": 11.701641287194654, "144": 10.034575118402161, "145": 9.697249123481734, "146": 6.616023629801553, "147": 10.695374692789136, "148": 9.458015841335776, "149": 16.585205442156568, "150": 8.22538201651092, "151": 10.239385096382755, "152": 9.78143104515888, "153": 10.371959851851345, "154": 10.246899209397453, "155": 13.911904065650802, "156": 10.061397166716594, "157": 10.792330500399549, "158": 11.507329263231028, "159": 7.882968112846749, "160": 9.087875944367173, "161": 9.484409823522203, "162": 10.612651267110106, "163": 10.399475335279051, "164": 10.694603898497725, "165": 10.549290007033258, "166": 7.9613431273456685, "167": 9.104604705057277, "168": 7.9745219479105325, "169": 8.551366327830895, "170": 12.095315175259906, "171": 12.560088274270973, "172": 11.137184155228391, "173": 16.226779764366025, "174": 10.19242067775625, "175": 12.404385966931777, "176": 9.541635286138241, "177": 9.775833395347222, "178": 9.70578880657404, "179": 11.904466624195537, "180": 11.519400247511346, "181": 11.287077577432798, "182": 12.52973539177605, "183": 8.900584761764689, "184": 12.559683055939855, "185": 14.887340794719943, "186": 9.126231564321264, "187": 9.915565857271012, "188": 10.4788939740073, "189": 10.389479782051533, "190": 11.138443086844367, "191": 10.964739927546246, "192": 9.351691221557182, "193": 9.198733818220903, "194": 12.42182621806262, "195": 10.06212633729648, "196": 9.876591763733098, "197": 12.54595738675338, "198": 8.498619050969777, "199": 11.097345055979751, "200": 10.390070893434373, "201": 7.905094076753721, "202": 8.49956136017963, "203": 6.965317224020745, "204": 11.113521369665696, "205": 6.484504777706011, "206": 13.711081859770674, "207": 10.076011634006955, "208": 8.319581696806065, "209": 12.011917138349576, "210": 9.620110161433571, "211": 7.77894910914043, "212": 15.432614662954435, "213": 14.228060940160407, "214": 9.53669437095485, "215": 11.730504738587179, "216": 8.771741122300055, "217": 12.131914330900155, "218": 8.612675430298616, "219": 11.81504510594693, "220": 13.62788453606772, "221": 11.413173467014792, "222": 14.397861852976156, "223": 12.05168951007891, "224": 13.228336571880174, "225": 9.804021859947696, "226": 10.837648782737944, "227": 8.241117011387265, "228": 10.785966144679449, "229": 11.682417553035357, "230": 14.204609120051254, "231": 9.824495427210996, "232": 6.845993318645719, "233": 6.577730172142792, "234": 7.358603072464441, "235": 10.53840565368238, "236": 8.794741207193862, "237": 9.889841215090568, "238": 13.196722819368173, "239": 8.116569898271987, "240": 10.405059014425277, "241": 11.629032873550827, "242": 10.075940527520352, "243": 12.72650828341623, "244": 9.057629182757665, "245": 9.686607012302492, "246": 12.421726426649682, "247": 11.732940930390253, "248": 8.919137867358826, "249": 11.931972607229898, "250": 6.998449849654215, "251": 9.948597735706226, "252": 8.040360623447585, "253": 6.928742667465555, "254": 6.821510572595853, "255": 10.384570531254793, "256": 12.498216933523715, "257": 8.914669788481785, "258": 10.3740157428265, "259": 11.525217628487594, "260": 11.463217184153327, "261": 11.649770935038319, "262": 9.201403289123823, "263": 8.157720570830852, "264": 9.996868781550754, "265": 11.863524709043412, "266": 10.548003769853771, "267": 7.470454802972522, "268": 13.394779004701757, "269": 8.996659718980766, "270": 9.452898239506602, "271": 8.030663049278147, "272": 10.539069235987075, "273": 10.502555120532199, "274": 10.827578103402168, "275": 9.605717537109266, "276": 8.872024414295245, "277": 9.86627431669769, "278": 10.398180703298765, "279": 11.793757362986584, "280": 10.28291463826884, "281": 10.033897295342832, "282": 11.812605829766134, "283": 8.022523349467434, "284": 9.150000998733004, "285": 9.703577043376251, "286": 8.908152852086374, "287": 8.629870169043086, "288": 10.456066473755977, "289": 9.70747615497116, "290": 12.478474244733746, "291": 9.888650757637082, "292": 9.756103923080396, "293": 9.717235790910571, "294": 7.624078264697877, "295": 10.404790581808257, "296": 9.1074729817873, "297": 10.46055390286669, "298": 8.731423754493978, "299": 9.146021290547697, "300": 9.706054666483249, "301": 11.463012941260242, "302": 8.257284516754318, "303": 11.846114033324843, "304": 10.445185753869684, "305": 8.114650213427444, "306": 10.220059579271894,